{"cameraMode":{"drawMode":0,"name":"Shaded","section":"Shading Mode"},"sceneLighting":true,"audioPlay":false,"sceneViewState":{"m_AlwaysRefresh":false,"showFog":true,"showSkybox":true,"showFlares":true,"showImageEffects":true,"showParticleSystems":true,"showVisualEffectGraphs":true,"m_FxEnabled":true},"in2DMode":false,"pivot":{"x":-1.1414337158203126,"y":-0.03000807762145996,"z":-3.7899930477142336},"rotation":{"x":-0.015910670161247255,"y":0.9734343886375427,"z":-0.21697326004505158,"w":-0.0713820531964302},"size":13.404633522033692,"orthographic":false}